{"cameraMode":{"drawMode":0,"name":"Shaded","section":"Shading Mode"},"sceneLighting":false,"audioPlay":false,"sceneViewState":{"m_AlwaysRefresh":false,"showFog":true,"showSkybox":false,"showFlares":true,"showImageEffects":true,"showParticleSystems":true,"showVisualEffectGraphs":true,"m_FxEnabled":true},"in2DMode":false,"pivot":{"x":44.303836822509769,"y":4.518139362335205,"z":42.41930389404297},"rotation":{"x":0.22197014093399049,"y":-0.004714280366897583,"z":0.0010006839875131846,"w":0.9752070307731628},"size":1.4263347387313843,"orthographic":false}