{"cameraMode":{"drawMode":0,"name":"Shaded","section":"Shading Mode"},"sceneLighting":true,"audioPlay":false,"sceneViewState":{"m_AlwaysRefresh":false,"showFog":true,"showSkybox":true,"showFlares":true,"showImageEffects":true,"showParticleSystems":true,"showVisualEffectGraphs":true,"m_FxEnabled":true},"in2DMode":false,"pivot":{"x":31.8914794921875,"y":10.216163635253907,"z":28.033620834350587},"rotation":{"x":0.09652087837457657,"y":-0.40401142835617068,"z":0.04241439700126648,"w":0.9089192748069763},"size":4.053814888000488,"orthographic":false}